{"cameraMode":{"drawMode":0,"name":"Shaded","section":"Shading Mode"},"sceneLighting":false,"audioPlay":false,"sceneViewState":{"showFog":true,"showMaterialUpdate":false,"showSkybox":false,"showFlares":true,"showImageEffects":true,"showParticleSystems":true},"in2DMode":false,"pivot":{"x":-2.384185791015625e-7,"y":1.566811442375183,"z":-0.020409226417541505},"rotation":{"x":-0.06453059613704682,"y":0.8328996300697327,"z":-0.09942479431629181,"w":-0.5405840277671814},"size":1.9747074842453004,"orthographic":false}