{"cameraMode":{"drawMode":0,"name":"Shaded","section":"Shading Mode"},"sceneLighting":false,"audioPlay":false,"sceneViewState":{"showFog":true,"showMaterialUpdate":false,"showSkybox":false,"showFlares":true,"showImageEffects":true,"showParticleSystems":true,"showVisualEffectGraphs":true,"m_FxEnabled":true},"in2DMode":false,"pivot":{"x":1.0134649276733399,"y":0.23743511736392976,"z":-2.1745777130126955},"rotation":{"x":-0.17329247295856477,"y":0.22156047821044923,"z":-0.040044717490673068,"w":-0.9587927460670471},"size":8.756114959716797,"orthographic":false}