{"cameraMode":{"drawMode":0,"name":"Shaded","section":"Shading Mode"},"sceneLighting":false,"audioPlay":false,"sceneViewState":{"showFog":true,"showMaterialUpdate":false,"showSkybox":false,"showFlares":true,"showImageEffects":true,"showParticleSystems":true,"showVisualEffectGraphs":true,"m_FxEnabled":true},"in2DMode":false,"pivot":{"x":0.09605598449707031,"y":0.9542948603630066,"z":0.319441556930542},"rotation":{"x":-0.02188223972916603,"y":0.9767721891403198,"z":-0.12254755944013596,"w":-0.17441391944885255},"size":1.079005241394043,"orthographic":false}