{"cameraMode":{"drawMode":0,"name":"Shaded","section":"Shading Mode"},"sceneLighting":false,"audioPlay":false,"sceneViewState":{"showFog":true,"showMaterialUpdate":false,"showSkybox":false,"showFlares":true,"showImageEffects":true,"showParticleSystems":true,"showVisualEffectGraphs":true,"m_FxEnabled":true},"in2DMode":false,"pivot":{"x":6.220000267028809,"y":10.199999809265137,"z":-20.100000381469728},"rotation":{"x":0.01345294713973999,"y":0.0829983800649643,"z":-0.0011199251748621464,"w":0.9964600205421448},"size":7.071069717407227,"orthographic":false}