{"cameraMode":{"drawMode":0,"name":"Shaded","section":"Shading Mode"},"sceneLighting":true,"audioPlay":false,"sceneViewState":{"showFog":true,"showMaterialUpdate":false,"showSkybox":true,"showFlares":true,"showImageEffects":true,"showParticleSystems":true,"showVisualEffectGraphs":true,"m_FxEnabled":true},"in2DMode":false,"pivot":{"x":5.402688503265381,"y":0.4242898225784302,"z":0.11768233776092529},"rotation":{"x":-0.17329247295856477,"y":0.22156047821044923,"z":-0.040044717490673068,"w":-0.9587927460670471},"size":1.8717174530029297,"orthographic":false}