{"cameraMode":{"drawMode":0,"name":"Shaded","section":"Shading Mode"},"sceneLighting":true,"audioPlay":false,"sceneViewState":{"showFog":true,"showMaterialUpdate":false,"showSkybox":true,"showFlares":true,"showImageEffects":true,"showParticleSystems":true,"showVisualEffectGraphs":true,"m_FxEnabled":true},"in2DMode":false,"pivot":{"x":-6.177891731262207,"y":1.060731291770935,"z":-0.9614402055740356},"rotation":{"x":-0.054730478674173358,"y":-0.40784674882888796,"z":-0.024500297382473947,"w":0.9110823273658752},"size":1.8860406875610352,"orthographic":false}