{"cameraMode":{"drawMode":0,"name":"Shaded","section":"Shading Mode"},"sceneLighting":false,"audioPlay":false,"sceneViewState":{"showFog":true,"showMaterialUpdate":false,"showSkybox":false,"showFlares":true,"showImageEffects":true,"showParticleSystems":true,"showVisualEffectGraphs":true,"m_FxEnabled":true},"in2DMode":false,"pivot":{"x":-14.433341979980469,"y":22.128990173339845,"z":46.41846466064453},"rotation":{"x":0.01345294713973999,"y":0.0829983800649643,"z":-0.0011199251748621464,"w":0.9964600205421448},"size":4.834636211395264,"orthographic":false}